p1_choice,p2_choice,p2_wins,ties,n_decks,p2_win_pct,tie_pct
BBB,BBR,1016870,40006,2000000,50.8435,2.0003
BBB,BRB,1413521,32608,2000000,70.67605,1.6303999999999998
BBB,BRR,1608249,39476,2000000,80.41245,1.9737999999999998
BBB,RBB,1999969,7,2000000,99.99845,0.00035
BBB,RBR,1452493,42701,2000000,72.62465,2.13505
BBB,RRB,1975630,5333,2000000,98.7815,0.26665
BBB,RRR,971188,57876,2000000,48.559400000000004,2.8937999999999997
BBR,BBB,943124,40006,2000000,47.1562,2.0003
BBR,BRB,247405,26466,2000000,12.37025,1.3233
BBR,BRR,72166,16704,2000000,3.6083,0.8352
BBR,RBB,1995302,946,2000000,99.76509999999999,0.0473
BBR,RBR,136645,27969,2000000,6.832249999999999,1.39845
BBR,RRB,955291,88295,2000000,47.76455,4.41475
BBR,RRR,18991,5185,2000000,0.94955,0.25925000000000004
BRB,BBB,553871,32608,2000000,27.693550000000002,1.6303999999999998
BRB,BBR,1726129,26466,2000000,86.30645,1.3233
BRB,BRR,971196,57414,2000000,48.559799999999996,2.8707
BRB,RBB,1116926,43758,2000000,55.84630000000001,2.1879
BRB,RBR,975579,47865,2000000,48.77895,2.39325
BRB,RRB,1835216,27756,2000000,91.7608,1.3878
BRB,RRR,504913,42615,2000000,25.245649999999998,2.13075
BRR,BBB,352275,39476,2000000,17.61375,1.9737999999999998
BRR,BBR,1911130,16704,2000000,95.5565,0.8352
BRR,BRB,971390,57414,2000000,48.5695,2.8707
BRR,RBB,971392,57297,2000000,48.5696,2.86485
BRR,RBR,840281,43251,2000000,42.01405,2.16255
BRR,RRB,3793,941,2000000,0.18964999999999999,0.04705
BRR,RRR,24,10,2000000,0.0012000000000000001,0.0005
RBB,BBB,24,7,2000000,0.0012000000000000001,0.00035
RBB,BBR,3752,946,2000000,0.18760000000000002,0.0473
RBB,BRB,839316,43758,2000000,41.965799999999994,2.1879
RBB,BRR,971311,57297,2000000,48.56555,2.86485
RBB,RBR,970983,57180,2000000,48.549150000000004,2.859
RBB,RRB,1911184,16768,2000000,95.5592,0.8384
RBB,RRR,351989,40066,2000000,17.59945,2.0033
RBR,BBB,504806,42701,2000000,25.240299999999998,2.13505
RBR,BBR,1835386,27969,2000000,91.7693,1.39845
RBR,BRB,976556,47865,2000000,48.827799999999996,2.39325
RBR,BRR,1116468,43251,2000000,55.8234,2.16255
RBR,RBB,971837,57180,2000000,48.59185,2.859
RBR,RRB,1726388,26316,2000000,86.3194,1.3157999999999999
RBR,RRR,554791,32461,2000000,27.73955,1.6230499999999999
RRB,BBB,19037,5333,2000000,0.9518499999999999,0.26665
RRB,BBR,956414,88295,2000000,47.8207,4.41475
RRB,BRB,137028,27756,2000000,6.851400000000001,1.3878
RRB,BRR,1995266,941,2000000,99.7633,0.04705
RRB,RBB,72048,16768,2000000,3.6024000000000003,0.8384
RRB,RBR,247296,26316,2000000,12.364799999999999,1.3157999999999999
RRB,RRR,943181,39598,2000000,47.15905,1.9799
RRR,BBB,970936,57876,2000000,48.546800000000005,2.8937999999999997
RRR,BBR,1975824,5185,2000000,98.7912,0.25925000000000004
RRR,BRB,1452472,42615,2000000,72.6236,2.13075
RRR,BRR,1999966,10,2000000,99.9983,0.0005
RRR,RBB,1607945,40066,2000000,80.39725,2.0033
RRR,RBR,1412748,32461,2000000,70.6374,1.6230499999999999
RRR,RRB,1017221,39598,2000000,50.86105,1.9799
